feature_set,model,regime_scheme,regime,n_months,mean_gross_return,mean_net_return,net_sharpe,avg_turnover,hit_rate,newey_west_tstat_mean_net,alpha,beta,alpha_tstat,model_name
flow_compustat,mlp,trend,bear,14,0.0425570372821896,0.0400540067219936,3.4084265655439197,2.5030305601959992,0.8571428571428571,5.287837356794863,0.0381880200398323,-0.2150798490894827,7.909086438231622,flow_compustat__mlp
flow_compustat,elastic_net,trend,bear,14,0.0408723259824891,0.0386913505059919,2.9017047350440706,2.180975476497143,0.9285714285714286,4.693429831570275,0.0357743531748917,-0.3362228421913391,7.469489934300821,flow_compustat__elastic_net
flow_compustat,ridge,trend,bear,14,0.0282886665895854,0.0263433910659459,2.6763135613421176,1.9452755236395003,0.8571428571428571,5.224262652399471,0.0245358056250342,-0.2083483272224278,7.450393160098858,flow_compustat__ridge
flow_compustat,mlp,vol,high_vol,52,0.0267422019144412,0.024469884177468,2.5588437321816206,2.272317736973224,0.8653846153846154,6.958692043743885,0.0266725765069832,-0.2117617063970217,7.805463680534643,flow_compustat__mlp
flow_compustat,mlp,dispersion,low_dispersion,47,0.0170544423532999,0.0148502924690639,2.2855941201374788,2.2041498842359912,0.6808510638297872,3.324631247430137,0.0153655897736809,-0.0375509499258105,3.479553459432332,flow_compustat__mlp
flow_compustat,xgboost,dispersion,high_dispersion,48,0.0292896242654394,0.0271335076610865,2.2728397553809354,2.156116604352945,0.7708333333333334,5.4006158630711845,0.0284124823206059,-0.1351758400918968,6.321656546382185,flow_compustat__xgboost
flow_compustat,mlp,period,2020-2024,59,0.0251480144993427,0.0229138224589167,2.231818848845842,2.2341920404260525,0.8135593220338984,6.342151393125435,0.0252875167739728,-0.1975901754963622,7.827457017840329,flow_compustat__mlp
flow_compustat,xgboost,vol,high_vol,52,0.0279003648827044,0.0256953376367168,2.2292033196623535,2.205027245987607,0.7692307692307693,7.133522304911063,0.0266007087597235,-0.0870402694745318,8.032741629639284,flow_compustat__xgboost
flow_compustat,mlp,period,2017-2019,36,0.011629083359536,0.0094495549410925,1.9810069116247544,2.179528418443465,0.6388888888888888,4.217243449687944,0.0104282733258144,-0.0902650058410606,4.298281539149163,flow_compustat__mlp
flow_compustat,mlp,dispersion,high_dispersion,48,0.0229337722041546,0.0207111616022794,1.9618777009671549,2.222610601875213,0.8125,6.848703754174361,0.0230822220926151,-0.2505992525373777,6.8383675925191785,flow_compustat__mlp
flow_compustat,xgboost,trend,bear,14,0.0361112367066249,0.0339235101111059,1.951721228524175,2.187726595518973,0.6428571428571429,3.57854740001551,0.0316614526486361,-0.2607322883442218,3.9817351657889706,flow_compustat__xgboost
flow_compustat,xgboost,trend,bull,81,0.0171011870413619,0.0149245830338831,1.8629182857780653,2.176604007478802,0.7037037037037037,5.285808986001732,0.0144640919155025,0.030559087604179,5.992870155909649,flow_compustat__xgboost
flow_compustat,xgboost,period,2020-2024,59,0.0234722361968625,0.0213221507946745,1.8430518846583248,2.1500854021879365,0.6949152542372882,6.302441675601472,0.0227000922758697,-0.1147020900568757,7.815275346135788,flow_compustat__xgboost
flow_compustat,xgboost,period,2017-2019,36,0.0140525424618937,0.0118281519559504,1.8125746969976928,2.2243905059433424,0.6944444444444444,4.080172849963913,0.0124705189846198,-0.0592440731676125,4.394810596724519,flow_compustat__xgboost
flow_compustat,mlp,trend,bull,81,0.0161306337586896,0.0139672025783642,1.8077477401969095,2.163431180325405,0.7283950617283951,4.81115217734124,0.0154474957984532,-0.0982351415411928,5.799605405293264,flow_compustat__mlp
return_only,mlp,dispersion,high_dispersion,48,0.0198618904743616,0.0171049258684828,1.6948887825416912,2.7569646058788764,0.7291666666666666,5.8481298232626715,0.0162177204566577,0.0937694394372042,4.507747365494563,return_only__mlp
return_only,xgboost,vol,high_vol,52,0.0256959871155074,0.0231708938136861,1.6689215968957685,2.5250933018212667,0.6538461538461539,2.956273024879831,0.0234423500271724,-0.0260971676387417,3.433795099906648,return_only__xgboost
return_only,xgboost,dispersion,high_dispersion,48,0.0261266786186183,0.0236598621004109,1.6604730146577498,2.466816518207436,0.6666666666666666,2.7368463056068,0.0240825876453431,-0.0446781961153031,3.1363791372305743,return_only__xgboost
return_only,xgboost,trend,bull,81,0.0177892656886192,0.0152989111985586,1.543564857251733,2.4903544900606134,0.6296296296296297,2.9727278575109324,0.0144563644958913,0.0559130403816962,3.471166289609257,return_only__xgboost
return_only,mlp,period,2020-2024,59,0.0173908598194369,0.0145998998490446,1.494793494382267,2.790959970392288,0.6610169491525424,5.782629494249917,0.0140072044353482,0.0493369302295338,3.847499149121607,return_only__mlp
return_only,mlp,trend,bull,81,0.0135094305805391,0.0108049433083094,1.45898453023463,2.704487272229781,0.6419753086419753,2.9364968057846617,0.0106313761290045,0.0115182561093505,2.9015637867528214,return_only__mlp
return_only,elastic_net,trend,bear,14,0.0339665940122009,0.0315254435572661,1.4369003753081295,2.441150454934775,0.6428571428571429,2.6833337431696385,0.0266946269514576,-0.5568160354461049,3.6959019282471113,return_only__elastic_net
return_only,xgboost,period,2020-2024,59,0.0218787995611602,0.0193949126145432,1.4155826381523888,2.4838869466170865,0.6440677966101694,2.833377931712582,0.0200443362849183,-0.0540590825815229,3.4752861920515734,return_only__xgboost
return_only,xgboost,period,2017-2019,36,0.0103822817813998,0.0078548014149527,1.3643130922902935,2.5274803664471137,0.5555555555555556,3.2195745634328556,0.0086688305125848,-0.0750760815364052,3.456081889657471,return_only__xgboost
flow_compustat,mlp,vol,low_vol,43,0.0119019850431063,0.0097596633890018,1.3610593220028326,2.1423216541045154,0.6046511627906976,3.547037673804337,0.0094887848621151,0.0208656633522342,4.145712258073,flow_compustat__mlp
return_only,mlp,vol,high_vol,52,0.0157308979732711,0.0128740884212169,1.3323398475859187,2.8568095520542105,0.6346153846153846,3.3763275724728103,0.0127866549377122,0.0084056513091299,2.8375440932432645,return_only__mlp
flow_compustat,xgboost,dispersion,low_dispersion,47,0.0103159893511057,0.0081151489269757,1.228604988083435,2.200840424129941,0.6170212765957447,3.983776000200552,0.008410657993456,-0.0215344541075556,4.3393367579797895,flow_compustat__xgboost
flow_compustat,xgboost,vol,low_vol,43,0.0102310346591263,0.0080851816323427,1.1610387917875993,2.1458530267835587,0.6046511627906976,4.185206385508315,0.0098980279713451,-0.1396428201736992,5.233417726589513,flow_compustat__xgboost
return_only,mlp,vol,low_vol,43,0.0097775348020881,0.0071251598051263,0.993900157118994,2.6523749969617185,0.627906976744186,1.911521413271258,0.005997665931261,0.0868503970180768,1.877025224131906,return_only__mlp
return_only,xgboost,dispersion,low_dispersion,47,0.0087346966924504,0.0061999854122685,0.9068407518542682,2.5347112801818565,0.5531914893617021,2.3049402761466817,0.0069500222183142,-0.0546569801432759,2.4240065709383223,return_only__xgboost
return_only,ridge,trend,bear,14,0.0281268870021037,0.0256939422368458,0.789351400013359,2.432944765257873,0.5,1.4635697508691814,0.0184768310630156,-0.8318683069760925,1.7319748836555502,return_only__ridge
return_only,xgboost,vol,low_vol,43,0.007637674144941,0.0051671213228992,0.7829138631364815,2.470552822041822,0.5581395348837209,2.5713681626825395,0.0073153252851493,-0.1654752822360022,2.7418602349576773,return_only__xgboost
return_only,xgboost,trend,bear,14,0.0159771998186208,0.0134186348652211,0.7266202777059838,2.558564953399608,0.5,1.5323456594366225,0.0111685582599667,-0.2593513347787527,1.4725865341808515,return_only__xgboost
flow_compustat,elastic_net,vol,high_vol,52,0.0110583567498883,0.0088388214188109,0.6853165889364325,2.2195353310773593,0.6346153846153846,1.573635070321406,0.0109954678394701,-0.2073349600460616,2.097737821348081,flow_compustat__elastic_net
flow_compustat,elastic_net,period,2017-2019,36,0.0072872252898092,0.0048495877517566,0.5941448468079201,2.43763753805254,0.5833333333333334,1.3807422187646905,0.0074919717909495,-0.2437011651720934,1.901042187224858,flow_compustat__elastic_net
flow_compustat,elastic_net,dispersion,high_dispersion,48,0.01004689429114,0.0079137587793647,0.576004884652783,2.133135511775318,0.5833333333333334,1.4474843674231763,0.0106304198657376,-0.2871260519996421,2.2002733723857233,flow_compustat__elastic_net
flow_compustat,ridge,vol,high_vol,52,0.0076211049602825,0.0055665953232163,0.5485437436712625,2.0545096370662064,0.6153846153846154,1.3829253434781557,0.0075894139653866,-0.1944690693556697,2.0521785029621635,flow_compustat__ridge
return_only,mlp,period,2017-2019,36,0.0058994433820307,0.0031788994008355,0.540861966089798,2.7205439811952186,0.5833333333333334,1.0126528771943848,0.0041834060073202,-0.0926433958093988,1.3587858883469015,return_only__mlp
return_only,mlp,dispersion,low_dispersion,47,0.0060653180495857,0.0032935750603519,0.5235096724131967,2.771742989233762,0.5319148936170213,0.9130536464916524,0.0044178588525152,-0.0819292552156863,1.087787708154319,return_only__mlp
return_only,mlp,trend,bear,14,0.0102983438625867,0.0071881472536181,0.5098033762615417,3.1101966089686157,0.5714285714285714,1.0610360193676542,0.0074059392571818,0.0251034327882294,1.3615318071865592,return_only__mlp
flow_compustat,ridge,dispersion,high_dispersion,48,0.0065063803423401,0.0045359048686778,0.4422145283977178,1.9704754736622168,0.5625,1.150705390597482,0.0067122692731149,-0.2300216697228491,1.9085690519858365,flow_compustat__ridge
return_only,elastic_net,period,2017-2019,36,0.0065498879183707,0.003766116414989,0.4037342162704631,2.7837715033816925,0.5555555555555556,1.0303307893529292,0.0063363125135739,-0.2370434329966755,1.6629979308644598,return_only__elastic_net
return_only,ridge,dispersion,high_dispersion,48,0.009127483000826,0.0068345743670869,0.3030468583429759,2.2929086337390583,0.5,1.6486424370097523,0.0123265598109791,-0.5804522713761274,2.461034273058072,return_only__ridge
return_only,elastic_net,dispersion,high_dispersion,48,0.0075139512022476,0.0049163617744954,0.2965649622672252,2.597589427752211,0.5416666666666666,1.137499125351357,0.0089195113062502,-0.4230960300431122,2.171184841618348,return_only__elastic_net
return_only,elastic_net,vol,high_vol,52,0.0067034447376095,0.0040682994848675,0.2622747183522079,2.635145252741999,0.5384615384615384,0.8135555795240501,0.0068227597961265,-0.2648073940691744,1.3472942489370738,return_only__elastic_net
return_only,ridge,vol,high_vol,52,0.0055334747678938,0.0031607651001433,0.1429354795930846,2.3727096677505157,0.4807692307692308,0.6086162989488885,0.0068891678521606,-0.3584399502023486,1.171021646569125,return_only__ridge
flow_compustat,elastic_net,period,2020-2024,59,0.0034687012550779,0.0013295898403674,0.1038184662006408,2.1391114147105563,0.5254237288135594,0.2152655889868309,0.0033975833463237,-0.1721431429377578,0.6002131194492959,flow_compustat__elastic_net
flow_compustat,ridge,period,2020-2024,59,0.0022983692092584,0.0003229423712764,0.0327558934917184,1.9754268379819708,0.4745762711864407,0.0681889118456399,0.0023099726755467,-0.1654036343462718,0.5122855227987776,flow_compustat__ridge
return_only,ridge,period,2017-2019,36,0.002188557707464,-0.0003199032494756,-0.0331645664705752,2.5084609569397336,0.5,-0.1075172907458629,0.0025400709188313,-0.2637690157224021,0.8071117534743543,return_only__ridge
flow_compustat,ridge,period,2017-2019,36,0.0016029797961463,-0.0006501954597738,-0.1000391134832454,2.253175255920241,0.5277777777777778,-0.2202771489656313,0.0008608359502177,-0.139359044622089,0.2643327912986379,flow_compustat__ridge
return_only,elastic_net,period,2020-2024,59,-0.0020796774465527,-0.0046612380910292,-0.30006492969315,2.581560644476557,0.4745762711864407,-0.8809152669818774,-0.0015264424472466,-0.2609454879979328,-0.2659534889725726,return_only__elastic_net
flow_compustat,elastic_net,dispersion,low_dispersion,47,-0.0003246264147232,-0.0026984991864806,-0.3475468826996954,2.373872771757425,0.5106382978723404,-0.6457791751590768,-0.0025855567322021,-0.0082303874037592,-0.5750902031579673,flow_compustat__elastic_net
flow_compustat,elastic_net,trend,bull,81,-0.001299000978668,-0.0035635549066539,-0.3613495952035811,2.264553927985854,0.4814814814814814,-0.8213601806116624,-0.0033735869137336,-0.012606646047936,-0.7807434690397833,flow_compustat__elastic_net
return_only,ridge,period,2020-2024,59,-0.0062425171891181,-0.0084070315882772,-0.3702731761289572,2.1645143991591116,0.423728813559322,-1.099805316527595,-0.003672312771337,-0.3941256951373783,-0.401753363355828,return_only__ridge
flow_compustat,elastic_net,vol,low_vol,43,-0.0025125829421269,-0.0048043663751919,-0.5666493354227292,2.2917834330649196,0.4418604651162791,-1.0426094573288125,-0.0037907654501543,-0.0780772692410317,-0.8841857126100005,flow_compustat__elastic_net
flow_compustat,ridge,trend,bull,81,-0.0025028429166256,-0.0046069248341949,-0.5883218909282573,2.104081917569283,0.4320987654320987,-1.4851220493170454,-0.0035710350727649,-0.0687436623732118,-1.1187508914978148,flow_compustat__ridge
return_only,elastic_net,trend,bull,81,-0.0044745348204453,-0.0071702353855907,-0.6605427565418486,2.69570056514532,0.4814814814814814,-1.6318896494778314,-0.0071082896929787,-0.0041108368254492,-1.4937220890269225,return_only__elastic_net
return_only,ridge,trend,bull,81,-0.0084357636385026,-0.0107067478025348,-0.7101222480627726,2.2709841640321944,0.4444444444444444,-1.8059159490532053,-0.010275754266445,-0.0286015705851679,-1.5756483332061937,return_only__ridge
flow_compustat,ridge,dispersion,low_dispersion,47,-0.0025318127749959,-0.0047250397945337,-0.7160043009268657,2.193227019537841,0.425531914893617,-1.8132735729257203,-0.0042978574491291,-0.0311298016072493,-1.4233153850278777,flow_compustat__ridge
return_only,elastic_net,vol,low_vol,43,-0.005476375131185,-0.0081624285963774,-0.7791648267841494,2.686053465192415,0.4651162790697674,-1.6253370929851665,-0.0055227573464022,-0.203332808604628,-1.1126390509389583,return_only__elastic_net
return_only,elastic_net,dispersion,low_dispersion,47,-0.0052675459998542,-0.007987621736317,-0.8644260641572333,2.720075736462801,0.4680851063829787,-1.2223407819605192,-0.0084834293142192,0.0361306868167682,-1.2243886229437415,return_only__elastic_net
flow_compustat,ridge,vol,low_vol,43,-0.0047206139983064,-0.0068329393826465,-1.1196164942272728,2.1123253843400516,0.3488372093023256,-2.3861021170010033,-0.0070158461246335,0.0140892323471328,-2.3116921943792694,flow_compustat__ridge
return_only,ridge,vol,low_vol,43,-0.0134246773167382,-0.0156253759510915,-1.1579817765632792,2.200698634353283,0.4186046511627907,-1.9927628072348684,-0.0106853190150907,-0.3805305874635796,-1.4717035682616435,return_only__ridge
return_only,ridge,dispersion,low_dispersion,47,-0.0154816940580619,-0.0177785308576522,-1.333723086299466,2.2968367995902805,0.4042553191489361,-1.9485460506018304,-0.018024723348769,0.017940637032656,-1.8342595485622737,return_only__ridge
